query_pocket,query_protein,target_pocket,target_protein,pocket_similarity_cosine,sequence_identity,fold_query,fold_target,evolutionary_type
PKT_P32573_9056,P32573,PKT_Q9NX58_100446,Q9NX58,0.98,0.133,Rossmann_NAD,Rossmann_NAD,Extreme Sequence Divergence
PKT_P53145_407893,P53145,PKT_O75153_101315,O75153,0.9795,0.1393,Kinase_ATP,Kinase_ATP,Extreme Sequence Divergence
PKT_Q9H1Y3_215420,Q9H1Y3,PKT_P38628_283751,P38628,0.9795,0.1867,Rossmann_NAD,Rossmann_NAD,Extreme Sequence Divergence
PKT_P38132_6509,P38132,PKT_Q9UBK8_228570,Q9UBK8,0.9793,0.1729,Zinc_Metallo,Zinc_Metallo,Extreme Sequence Divergence
PKT_Q76M96_21736,Q76M96,PKT_P34760_398874,P34760,0.9793,0.1783,Protease_Triad,Protease_Triad,Extreme Sequence Divergence
PKT_Q8IZS5_60943,Q8IZS5,PKT_P14680_357373,P14680,0.9793,0.1692,Protease_Triad,Protease_Triad,Extreme Sequence Divergence
PKT_P10962_216871,P10962,PKT_P40890_305337,P40890,0.9792,0.1339,Rossmann_NAD,Rossmann_NAD,Extreme Sequence Divergence
PKT_P40890_305337,P40890,PKT_P10962_216871,P10962,0.9792,0.1327,Rossmann_NAD,Rossmann_NAD,Extreme Sequence Divergence
PKT_Q06412_266777,Q06412,PKT_Q06340_371264,Q06340,0.9791,0.1822,Protease_Triad,Protease_Triad,Extreme Sequence Divergence
PKT_P40054_108488,P40054,PKT_P14693_96959,P14693,0.979,0.1831,Protease_Triad,Protease_Triad,Extreme Sequence Divergence
PKT_P14693_96959,P14693,PKT_P40054_108488,P40054,0.979,0.1491,Protease_Triad,Protease_Triad,Extreme Sequence Divergence
PKT_P40018_45165,P40018,PKT_P32497_0000,P32497,0.979,0.1388,Protease_Triad,Protease_Triad,Extreme Sequence Divergence
PKT_Q9Y275_5943,Q9Y275,PKT_Q6P4E1_101764,Q6P4E1,0.979,0.1397,Rossmann_NAD,Rossmann_NAD,Extreme Sequence Divergence
PKT_P32628_156749,P32628,PKT_P48016_361163,P48016,0.9789,0.1894,Zinc_Metallo,Zinc_Metallo,Extreme Sequence Divergence
PKT_P82933_172641,P82933,PKT_Q6P4E1_101764,Q6P4E1,0.9789,0.1702,Rossmann_NAD,Rossmann_NAD,Extreme Sequence Divergence
PKT_P07260_43757,P07260,PKT_P43603_102092,P43603,0.9788,0.1748,Protease_Triad,Protease_Triad,Extreme Sequence Divergence
PKT_P07264_44748,P07264,PKT_P22082_311262,P22082,0.9788,0.1584,Protease_Triad,Protease_Triad,Extreme Sequence Divergence
PKT_P13856_249610,P13856,PKT_P32644_20898,P32644,0.9788,0.1833,Zinc_Metallo,Zinc_Metallo,Extreme Sequence Divergence
PKT_P32644_20898,P32644,PKT_P13856_249610,P13856,0.9788,0.1748,Zinc_Metallo,Zinc_Metallo,Extreme Sequence Divergence
PKT_Q12532_205192,Q12532,PKT_P15380_364554,P15380,0.9788,0.1585,Kinase_ATP,Kinase_ATP,Extreme Sequence Divergence
PKT_P53378_115400,P53378,PKT_P53973_141508,P53973,0.9788,0.1403,Kinase_ATP,Kinase_ATP,Extreme Sequence Divergence
PKT_P53973_141508,P53973,PKT_P53378_115400,P53378,0.9788,0.1538,Kinase_ATP,Kinase_ATP,Extreme Sequence Divergence
PKT_P43603_102092,P43603,PKT_P07260_43757,P07260,0.9788,0.1233,Protease_Triad,Protease_Triad,Extreme Sequence Divergence
PKT_P22082_311262,P22082,PKT_P07264_44748,P07264,0.9788,0.1415,Protease_Triad,Protease_Triad,Extreme Sequence Divergence
PKT_Q9NVX7_90975,Q9NVX7,PKT_P15380_364554,P15380,0.9788,0.1463,Kinase_ATP,Kinase_ATP,Extreme Sequence Divergence
PKT_Q7Z340_29076,Q7Z340,PKT_O95178_318204,O95178,0.9788,0.1943,Rossmann_NAD,Rossmann_NAD,Extreme Sequence Divergence
PKT_O95178_318204,O95178,PKT_Q7Z340_29076,Q7Z340,0.9788,0.135,Rossmann_NAD,Rossmann_NAD,Extreme Sequence Divergence
PKT_P53335_283259,P53335,PKT_Q7Z398_139323,Q7Z398,0.9787,0.1637,Kinase_ATP,Kinase_ATP,Extreme Sequence Divergence
PKT_P40416_224722,P40416,PKT_P26786_366043,P26786,0.9787,0.1318,Zinc_Metallo,Zinc_Metallo,Extreme Sequence Divergence
PKT_Q08179_304538,Q08179,PKT_P30952_256001,P30952,0.9787,0.1373,Kinase_ATP,Kinase_ATP,Extreme Sequence Divergence
PKT_P00127_410832,P00127,PKT_Q9H1C0_290001,Q9H1C0,0.9787,0.1256,Kinase_ATP,Kinase_ATP,Extreme Sequence Divergence
PKT_P39547_36424,P39547,PKT_O75153_101315,O75153,0.9787,0.1314,Kinase_ATP,Kinase_ATP,Extreme Sequence Divergence
PKT_P53309_190550,P53309,PKT_Q8IZS5_60943,Q8IZS5,0.9787,0.1378,Protease_Triad,Protease_Triad,Extreme Sequence Divergence
PKT_P04456_132089,P04456,PKT_O60522_234860,O60522,0.9787,0.1876,Zinc_Metallo,Zinc_Metallo,Extreme Sequence Divergence
PKT_P15891_253407,P15891,PKT_Q86SG5_144443,Q86SG5,0.9787,0.1882,Rossmann_NAD,Rossmann_NAD,Extreme Sequence Divergence
PKT_P17214_261038,P17214,PKT_Q12400_114867,Q12400,0.9787,0.1407,Protease_Triad,Protease_Triad,Extreme Sequence Divergence
PKT_Q9C0A1_146676,Q9C0A1,PKT_P40353_60545,P40353,0.9787,0.1544,Protease_Triad,Protease_Triad,Extreme Sequence Divergence
PKT_Q9NRE1_36182,Q9NRE1,PKT_O95178_318204,O95178,0.9787,0.1739,Rossmann_NAD,Rossmann_NAD,Extreme Sequence Divergence
PKT_O60522_234860,O60522,PKT_P04456_132089,P04456,0.9787,0.1363,Zinc_Metallo,Zinc_Metallo,Extreme Sequence Divergence
PKT_Q7Z398_139323,Q7Z398,PKT_P53335_283259,P53335,0.9787,0.1437,Kinase_ATP,Kinase_ATP,Extreme Sequence Divergence
PKT_Q86SG5_144443,Q86SG5,PKT_P15891_253407,P15891,0.9787,0.1242,Rossmann_NAD,Rossmann_NAD,Extreme Sequence Divergence
PKT_Q9H1C0_290001,Q9H1C0,PKT_P00127_410832,P00127,0.9787,0.1469,Kinase_ATP,Kinase_ATP,Extreme Sequence Divergence
PKT_P39998_105491,P39998,PKT_P19454_404611,P19454,0.9786,0.1239,Kinase_ATP,Kinase_ATP,Extreme Sequence Divergence
PKT_P53267_373098,P53267,PKT_Q06217_88276,Q06217,0.9786,0.1266,Protease_Triad,Protease_Triad,Extreme Sequence Divergence
PKT_Q06217_88276,Q06217,PKT_P53267_373098,P53267,0.9786,0.1446,Protease_Triad,Protease_Triad,Extreme Sequence Divergence
PKT_P19454_404611,P19454,PKT_P39998_105491,P39998,0.9786,0.1888,Kinase_ATP,Kinase_ATP,Extreme Sequence Divergence
PKT_P38084_247799,P38084,PKT_Q9H2D1_225125,Q9H2D1,0.9786,0.1662,Protease_Triad,Protease_Triad,Extreme Sequence Divergence
PKT_P46972_28660,P46972,PKT_P14064_235251,P14064,0.9786,0.1953,Rossmann_NAD,Rossmann_NAD,Extreme Sequence Divergence
PKT_P33760_289431,P33760,PKT_Q9H6S1_284633,Q9H6S1,0.9786,0.1226,Kinase_ATP,Kinase_ATP,Extreme Sequence Divergence
PKT_Q12386_75237,Q12386,PKT_P40851_386113,P40851,0.9786,0.1321,Zinc_Metallo,Zinc_Metallo,Extreme Sequence Divergence
PKT_P14064_235251,P14064,PKT_P46972_28660,P46972,0.9786,0.127,Rossmann_NAD,Rossmann_NAD,Extreme Sequence Divergence
PKT_Q01519_32859,Q01519,PKT_Q76M96_21736,Q76M96,0.9786,0.1346,Protease_Triad,Protease_Triad,Extreme Sequence Divergence
PKT_Q9H4B4_254586,Q9H4B4,PKT_Q96GC5_237116,Q96GC5,0.9786,0.1692,Protease_Triad,Protease_Triad,Extreme Sequence Divergence
PKT_Q9WJR5_431622,Q9WJR5,PKT_P15380_364554,P15380,0.9786,0.1474,Kinase_ATP,Kinase_ATP,Extreme Sequence Divergence
PKT_Q9Y5K5_119324,Q9Y5K5,PKT_Q9NW68_2491,Q9NW68,0.9786,0.1846,Kinase_ATP,Kinase_ATP,Extreme Sequence Divergence
PKT_Q5VTH2_342736,Q5VTH2,PKT_A6XGL0_282894,A6XGL0,0.9786,0.1415,Protease_Triad,Protease_Triad,Extreme Sequence Divergence
PKT_Q9H4A4_300131,Q9H4A4,PKT_Q00947_428022,Q00947,0.9786,0.1627,Rossmann_NAD,Rossmann_NAD,Extreme Sequence Divergence
PKT_P38310_23780,P38310,PKT_Q12524_203597,Q12524,0.9785,0.165,Kinase_ATP,Kinase_ATP,Extreme Sequence Divergence
PKT_P22804_324177,P22804,PKT_P12945_228275,P12945,0.9785,0.139,Protease_Triad,Protease_Triad,Extreme Sequence Divergence
PKT_P32461_418520,P32461,PKT_Q07657_11092,Q07657,0.9785,0.1429,Protease_Triad,Protease_Triad,Extreme Sequence Divergence
PKT_P40453_225662,P40453,PKT_P53256_186462,P53256,0.9785,0.1804,Kinase_ATP,Kinase_ATP,Extreme Sequence Divergence
PKT_P53833_394714,P53833,PKT_P23254_330252,P23254,0.9785,0.1417,Protease_Triad,Protease_Triad,Extreme Sequence Divergence
PKT_Q12524_203597,Q12524,PKT_P38310_23780,P38310,0.9785,0.1234,Kinase_ATP,Kinase_ATP,Extreme Sequence Divergence
PKT_P04840_247524,P04840,PKT_P53267_373098,P53267,0.9785,0.1955,Protease_Triad,Protease_Triad,Extreme Sequence Divergence
PKT_P47170_54009,P47170,PKT_P16550_259285,P16550,0.9785,0.1218,Zinc_Metallo,Zinc_Metallo,Extreme Sequence Divergence
PKT_P53256_186462,P53256,PKT_P40453_225662,P40453,0.9785,0.1879,Kinase_ATP,Kinase_ATP,Extreme Sequence Divergence
PKT_P06242_152820,P06242,PKT_O94772_310898,O94772,0.9785,0.1247,Protease_Triad,Protease_Triad,Extreme Sequence Divergence
PKT_P12945_228275,P12945,PKT_P22804_324177,P22804,0.9785,0.1508,Protease_Triad,Protease_Triad,Extreme Sequence Divergence
PKT_P16550_259285,P16550,PKT_P47170_54009,P47170,0.9785,0.1886,Zinc_Metallo,Zinc_Metallo,Extreme Sequence Divergence
PKT_P36117_104989,P36117,PKT_Q16589_291768,Q16589,0.9785,0.1548,Rossmann_NAD,Rossmann_NAD,Extreme Sequence Divergence
PKT_Q2QL34_189355,Q2QL34,PKT_Q86WN2_154512,Q86WN2,0.9785,0.1786,Zinc_Metallo,Zinc_Metallo,Extreme Sequence Divergence
PKT_P07834_50607,P07834,PKT_Q9H2Y9_294270,Q9H2Y9,0.9784,0.1582,Kinase_ATP,Kinase_ATP,Extreme Sequence Divergence
PKT_P14747_111572,P14747,PKT_O75153_101315,O75153,0.9784,0.19,Kinase_ATP,Kinase_ATP,Extreme Sequence Divergence
PKT_P33775_373684,P33775,PKT_Q8TDN6_112104,Q8TDN6,0.9784,0.1968,Kinase_ATP,Kinase_ATP,Extreme Sequence Divergence
PKT_P36142_429779,P36142,PKT_P05750_139883,P05750,0.9784,0.1522,Kinase_ATP,Kinase_ATP,Extreme Sequence Divergence
PKT_P41921_174402,P41921,PKT_Q06648_150604,Q06648,0.9784,0.192,Rossmann_NAD,Rossmann_NAD,Extreme Sequence Divergence
PKT_P47076_212878,P47076,PKT_Q04048_98245,Q04048,0.9784,0.124,Protease_Triad,Protease_Triad,Extreme Sequence Divergence
PKT_P0CX55_230890,P0CX55,PKT_Q504Y3_325003,Q504Y3,0.9784,0.1586,Rossmann_NAD,Rossmann_NAD,Extreme Sequence Divergence
PKT_P38071_106132,P38071,PKT_Q96IQ7_133373,Q96IQ7,0.9784,0.1395,Zinc_Metallo,Zinc_Metallo,Extreme Sequence Divergence
PKT_P38264_122884,P38264,PKT_O75153_101315,O75153,0.9784,0.1801,Kinase_ATP,Kinase_ATP,Extreme Sequence Divergence
PKT_P52553_344818,P52553,PKT_O60732_95523,O60732,0.9784,0.1982,Rossmann_NAD,Rossmann_NAD,Extreme Sequence Divergence
PKT_P15180_101281,P15180,PKT_P39524_229098,P39524,0.9784,0.166,Kinase_ATP,Kinase_ATP,Extreme Sequence Divergence
PKT_P22146_131178,P22146,PKT_P13574_93915,P13574,0.9784,0.1448,Rossmann_NAD,Rossmann_NAD,Extreme Sequence Divergence
PKT_P36088_333008,P36088,PKT_Q76M96_21736,Q76M96,0.9784,0.1961,Protease_Triad,Protease_Triad,Extreme Sequence Divergence
PKT_P40465_68659,P40465,PKT_Q9H6D8_305429,Q9H6D8,0.9784,0.1339,Rossmann_NAD,Rossmann_NAD,Extreme Sequence Divergence
PKT_P54786_236037,P54786,PKT_Q03705_288487,Q03705,0.9784,0.1929,Zinc_Metallo,Zinc_Metallo,Extreme Sequence Divergence
PKT_Q03944_304858,Q03944,PKT_Q9NRX4_45649,Q9NRX4,0.9784,0.1628,Zinc_Metallo,Zinc_Metallo,Extreme Sequence Divergence
PKT_Q04461_318570,Q04461,PKT_Q9Y5Y2_136449,Q9Y5Y2,0.9784,0.1308,Rossmann_NAD,Rossmann_NAD,Extreme Sequence Divergence
PKT_P07284_180204,P07284,PKT_O75153_101315,O75153,0.9784,0.1772,Kinase_ATP,Kinase_ATP,Extreme Sequence Divergence
PKT_P39524_229098,P39524,PKT_P15180_101281,P15180,0.9784,0.1861,Kinase_ATP,Kinase_ATP,Extreme Sequence Divergence
PKT_P42939_322910,P42939,PKT_O95178_318204,O95178,0.9784,0.1746,Rossmann_NAD,Rossmann_NAD,Extreme Sequence Divergence
PKT_P43602_330517,P43602,PKT_P40453_225662,P40453,0.9784,0.1555,Kinase_ATP,Kinase_ATP,Extreme Sequence Divergence
PKT_Q06648_150604,Q06648,PKT_P41921_174402,P41921,0.9784,0.1953,Rossmann_NAD,Rossmann_NAD,Extreme Sequence Divergence
PKT_Q9BYT8_103229,Q9BYT8,PKT_Q86WS3_155117,Q86WS3,0.9784,0.1813,Rossmann_NAD,Rossmann_NAD,Extreme Sequence Divergence
PKT_Q9NRX4_45649,Q9NRX4,PKT_Q03944_304858,Q03944,0.9784,0.1486,Zinc_Metallo,Zinc_Metallo,Extreme Sequence Divergence
PKT_Q9UPR5_412091,Q9UPR5,PKT_P40054_108488,P40054,0.9784,0.1262,Protease_Triad,Protease_Triad,Extreme Sequence Divergence
PKT_Q9Y5Y2_136449,Q9Y5Y2,PKT_Q04461_318570,Q04461,0.9784,0.1837,Rossmann_NAD,Rossmann_NAD,Extreme Sequence Divergence
PKT_Q4U2R6_320088,Q4U2R6,PKT_Q9P2E9_198087,Q9P2E9,0.9784,0.1789,Kinase_ATP,Kinase_ATP,Extreme Sequence Divergence
PKT_Q504Y3_325003,Q504Y3,PKT_P0CX55_230890,P0CX55,0.9784,0.1495,Rossmann_NAD,Rossmann_NAD,Extreme Sequence Divergence
PKT_Q8TDN6_112104,Q8TDN6,PKT_P33775_373684,P33775,0.9784,0.1602,Kinase_ATP,Kinase_ATP,Extreme Sequence Divergence
PKT_Q96IQ7_133373,Q96IQ7,PKT_P38071_106132,P38071,0.9784,0.195,Zinc_Metallo,Zinc_Metallo,Extreme Sequence Divergence
PKT_Q9HCC6_308904,Q9HCC6,PKT_Q9UKJ0_21146,Q9UKJ0,0.9784,0.1558,Zinc_Metallo,Zinc_Metallo,Extreme Sequence Divergence
PKT_Q9UKJ0_21146,Q9UKJ0,PKT_Q9HCC6_308904,Q9HCC6,0.9784,0.1261,Zinc_Metallo,Zinc_Metallo,Extreme Sequence Divergence
PKT_P32769_336719,P32769,PKT_P40204_263739,P40204,0.9783,0.1971,Protease_Triad,Protease_Triad,Extreme Sequence Divergence
PKT_Q12400_114444,Q12400,PKT_P0CT04_349682,P0CT04,0.9783,0.1746,Protease_Triad,Protease_Triad,Extreme Sequence Divergence
PKT_P38822_156925,P38822,PKT_P04433_123888,P04433,0.9783,0.1603,Protease_Triad,Protease_Triad,Extreme Sequence Divergence
PKT_Q12318_177761,Q12318,PKT_P47076_212878,P47076,0.9783,0.1825,Protease_Triad,Protease_Triad,Extreme Sequence Divergence
PKT_P38125_255463,P38125,PKT_P37297_239615,P37297,0.9783,0.1867,Protease_Triad,Protease_Triad,Extreme Sequence Divergence
PKT_P52917_73062,P52917,PKT_Q9BXU1_71789,Q9BXU1,0.9783,0.1231,Rossmann_NAD,Rossmann_NAD,Extreme Sequence Divergence
PKT_Q06440_267827,Q06440,PKT_P53840_208595,P53840,0.9783,0.174,Rossmann_NAD,Rossmann_NAD,Extreme Sequence Divergence
PKT_Q12009_332340,Q12009,PKT_P23254_328942,P23254,0.9783,0.1526,Protease_Triad,Protease_Triad,Extreme Sequence Divergence
PKT_P43603_102754,P43603,PKT_P22804_324177,P22804,0.9783,0.16,Protease_Triad,Protease_Triad,Extreme Sequence Divergence
PKT_P53840_208595,P53840,PKT_Q06440_267827,Q06440,0.9783,0.161,Rossmann_NAD,Rossmann_NAD,Extreme Sequence Divergence
PKT_P21268_293028,P21268,PKT_Q9NRX4_45649,Q9NRX4,0.9783,0.1965,Zinc_Metallo,Zinc_Metallo,Extreme Sequence Divergence
PKT_Q9BXU1_71789,Q9BXU1,PKT_P52917_73062,P52917,0.9783,0.1631,Rossmann_NAD,Rossmann_NAD,Extreme Sequence Divergence
PKT_Q9H4Z3_269760,Q9H4Z3,PKT_P40453_225662,P40453,0.9783,0.1364,Kinase_ATP,Kinase_ATP,Extreme Sequence Divergence
PKT_Q9UKC9_328700,Q9UKC9,PKT_Q07657_11092,Q07657,0.9783,0.1463,Protease_Triad,Protease_Triad,Extreme Sequence Divergence
PKT_Q9UMX9_391208,Q9UMX9,PKT_P40204_263739,P40204,0.9783,0.1496,Protease_Triad,Protease_Triad,Extreme Sequence Divergence
PKT_Q6IAN0_96765,Q6IAN0,PKT_O75153_101315,O75153,0.9783,0.1319,Kinase_ATP,Kinase_ATP,Extreme Sequence Divergence
PKT_P04433_123888,P04433,PKT_P38822_156925,P38822,0.9783,0.158,Protease_Triad,Protease_Triad,Extreme Sequence Divergence
PKT_P06315_125147,P06315,PKT_Q9HCC6_308904,Q9HCC6,0.9783,0.1954,Zinc_Metallo,Zinc_Metallo,Extreme Sequence Divergence
PKT_P54107_155217,P54107,PKT_Q02979_361232,Q02979,0.9783,0.1411,Rossmann_NAD,Rossmann_NAD,Extreme Sequence Divergence
PKT_Q6ZVX9_266524,Q6ZVX9,PKT_P0CX44_83027,P0CX44,0.9783,0.1408,Kinase_ATP,Kinase_ATP,Extreme Sequence Divergence
PKT_Q7RTU9_272653,Q7RTU9,PKT_O94742_228603,O94742,0.9783,0.137,Protease_Triad,Protease_Triad,Extreme Sequence Divergence
PKT_Q8IZS6_306030,Q8IZS6,PKT_Q9Y5Y2_136449,Q9Y5Y2,0.9783,0.1772,Rossmann_NAD,Rossmann_NAD,Extreme Sequence Divergence
PKT_P26570_224886,P26570,PKT_P53309_190550,P53309,0.9782,0.1201,Protease_Triad,Protease_Triad,Extreme Sequence Divergence
PKT_P46984_194223,P46984,PKT_Q02725_0000,Q02725,0.9782,0.1945,Zinc_Metallo,Zinc_Metallo,Extreme Sequence Divergence
PKT_P38319_126586,P38319,PKT_Q86WS3_155117,Q86WS3,0.9782,0.1244,Rossmann_NAD,Rossmann_NAD,Extreme Sequence Divergence
PKT_Q02725_0000,Q02725,PKT_Q03169_175132,Q03169,0.9782,0.1439,Zinc_Metallo,Zinc_Metallo,Extreme Sequence Divergence
PKT_P10127_320644,P10127,PKT_Q9Y5H4_260053,Q9Y5H4,0.9782,0.1794,Zinc_Metallo,Zinc_Metallo,Extreme Sequence Divergence
PKT_P10862_326510,P10862,PKT_Q9NYJ1_192213,Q9NYJ1,0.9782,0.1317,Rossmann_NAD,Rossmann_NAD,Extreme Sequence Divergence
PKT_P34223_204239,P34223,PKT_P38230_366646,P38230,0.9782,0.186,Kinase_ATP,Kinase_ATP,Extreme Sequence Divergence
PKT_P53277_105512,P53277,PKT_Q07657_11092,Q07657,0.9782,0.1725,Protease_Triad,Protease_Triad,Extreme Sequence Divergence
PKT_Q99260_390555,Q99260,PKT_Q07471_162946,Q07471,0.9782,0.1209,Rossmann_NAD,Rossmann_NAD,Extreme Sequence Divergence
PKT_P38925_11740,P38925,PKT_P45818_106844,P45818,0.9782,0.1907,Protease_Triad,Protease_Triad,Extreme Sequence Divergence
PKT_P45818_106844,P45818,PKT_P38925_11740,P38925,0.9782,0.1725,Protease_Triad,Protease_Triad,Extreme Sequence Divergence
PKT_P48558_139458,P48558,PKT_P47083_44321,P47083,0.9782,0.1533,Kinase_ATP,Kinase_ATP,Extreme Sequence Divergence
PKT_P54781_234549,P54781,PKT_Q02785_354259,Q02785,0.9782,0.1456,Protease_Triad,Protease_Triad,Extreme Sequence Divergence
PKT_P28627_380884,P28627,PKT_Q66K66_352161,Q66K66,0.9782,0.1275,Kinase_ATP,Kinase_ATP,Extreme Sequence Divergence
PKT_Q07471_162946,Q07471,PKT_Q99260_390555,Q99260,0.9782,0.1624,Rossmann_NAD,Rossmann_NAD,Extreme Sequence Divergence
PKT_P0CD90_348983,P0CD90,PKT_P43603_102092,P43603,0.9782,0.1822,Protease_Triad,Protease_Triad,Extreme Sequence Divergence
PKT_Q9C056_143009,Q9C056,PKT_P39081_325938,P39081,0.9782,0.1417,Zinc_Metallo,Zinc_Metallo,Extreme Sequence Divergence
PKT_Q9H4M9_267812,Q9H4M9,PKT_P54837_416061,P54837,0.9782,0.1448,Zinc_Metallo,Zinc_Metallo,Extreme Sequence Divergence
PKT_Q9NP97_387518,Q9NP97,PKT_Q8NC44_87906,Q8NC44,0.9782,0.1966,Kinase_ATP,Kinase_ATP,Extreme Sequence Divergence
PKT_Q9NQZ2_16991,Q9NQZ2,PKT_Q6ZTR7_7385,Q6ZTR7,0.9782,0.1853,Kinase_ATP,Kinase_ATP,Extreme Sequence Divergence
PKT_Q8NGX3_100302,Q8NGX3,PKT_Q8IUR0_160019,Q8IUR0,0.9782,0.1627,Protease_Triad,Protease_Triad,Extreme Sequence Divergence
PKT_Q9C009_157687,Q9C009,PKT_Q05930_133849,Q05930,0.9782,0.1541,Rossmann_NAD,Rossmann_NAD,Extreme Sequence Divergence
PKT_Q9Y5H4_260053,Q9Y5H4,PKT_P10127_320644,P10127,0.9782,0.1628,Zinc_Metallo,Zinc_Metallo,Extreme Sequence Divergence
PKT_Q9H4K1_303031,Q9H4K1,PKT_P0CX44_83027,P0CX44,0.9782,0.172,Kinase_ATP,Kinase_ATP,Extreme Sequence Divergence
PKT_A0M8Q6_53933,A0M8Q6,PKT_Q16589_291768,Q16589,0.9782,0.144,Rossmann_NAD,Rossmann_NAD,Extreme Sequence Divergence
PKT_Q03169_175132,Q03169,PKT_Q02725_0000,Q02725,0.9782,0.1769,Zinc_Metallo,Zinc_Metallo,Extreme Sequence Divergence
PKT_Q86YV6_296620,Q86YV6,PKT_P40556_298202,P40556,0.9782,0.1533,Rossmann_NAD,Rossmann_NAD,Extreme Sequence Divergence
PKT_Q8N365_311759,Q8N365,PKT_Q9Y5Y2_136449,Q9Y5Y2,0.9782,0.1646,Rossmann_NAD,Rossmann_NAD,Extreme Sequence Divergence
PKT_P32639_327001,P32639,PKT_Q03785_291363,Q03785,0.9781,0.1601,Kinase_ATP,Kinase_ATP,Extreme Sequence Divergence
PKT_P33401_371673,P33401,PKT_Q17RR3_187986,Q17RR3,0.9781,0.186,Kinase_ATP,Kinase_ATP,Extreme Sequence Divergence
PKT_P38719_46172,P38719,PKT_P53150_270592,P53150,0.9781,0.1436,Zinc_Metallo,Zinc_Metallo,Extreme Sequence Divergence
PKT_Q06164_25731,Q06164,PKT_P40063_256807,P40063,0.9781,0.1284,Rossmann_NAD,Rossmann_NAD,Extreme Sequence Divergence
PKT_Q06409_29079,Q06409,PKT_P09880_221011,P09880,0.9781,0.1353,Protease_Triad,Protease_Triad,Extreme Sequence Divergence
PKT_P09880_221011,P09880,PKT_Q06409_29079,Q06409,0.9781,0.1562,Protease_Triad,Protease_Triad,Extreme Sequence Divergence
PKT_P0CX49_228324,P0CX49,PKT_P36039_413811,P36039,0.9781,0.1972,Protease_Triad,Protease_Triad,Extreme Sequence Divergence
PKT_P32337_403590,P32337,PKT_P14724_98068,P14724,0.9781,0.1262,Zinc_Metallo,Zinc_Metallo,Extreme Sequence Divergence
PKT_P37292_100093,P37292,PKT_P23254_328942,P23254,0.9781,0.1933,Protease_Triad,Protease_Triad,Extreme Sequence Divergence
PKT_Q08957_124012,Q08957,PKT_P37297_239615,P37297,0.9781,0.1532,Protease_Triad,Protease_Triad,Extreme Sequence Divergence
PKT_Q12380_185971,Q12380,PKT_Q76M96_21736,Q76M96,0.9781,0.1433,Protease_Triad,Protease_Triad,Extreme Sequence Divergence
PKT_P39720_341823,P39720,PKT_P41911_402802,P41911,0.9781,0.1381,Zinc_Metallo,Zinc_Metallo,Extreme Sequence Divergence
PKT_P41911_402802,P41911,PKT_P39720_341823,P39720,0.9781,0.1282,Zinc_Metallo,Zinc_Metallo,Extreme Sequence Divergence
PKT_P0CX43_57296,P0CX43,PKT_P32573_9056,P32573,0.9781,0.1721,Rossmann_NAD,Rossmann_NAD,Extreme Sequence Divergence
PKT_P23337_148244,P23337,PKT_P20052_301451,P20052,0.9781,0.1856,Rossmann_NAD,Rossmann_NAD,Extreme Sequence Divergence
PKT_Q03785_291363,Q03785,PKT_P32639_327001,P32639,0.9781,0.1339,Kinase_ATP,Kinase_ATP,Extreme Sequence Divergence
PKT_P00942_116926,P00942,PKT_P47083_44321,P47083,0.9781,0.1367,Kinase_ATP,Kinase_ATP,Extreme Sequence Divergence
PKT_P15891_253875,P15891,PKT_Q9H3T2_247008,Q9H3T2,0.9781,0.1937,Rossmann_NAD,Rossmann_NAD,Extreme Sequence Divergence
PKT_P33301_42877,P33301,PKT_Q9NPI1_397196,Q9NPI1,0.9781,0.1791,Kinase_ATP,Kinase_ATP,Extreme Sequence Divergence
PKT_P38063_121985,P38063,PKT_P53959_448538,P53959,0.9781,0.1247,Kinase_ATP,Kinase_ATP,Extreme Sequence Divergence
PKT_P38328_157728,P38328,PKT_P10862_326510,P10862,0.9781,0.1363,Rossmann_NAD,Rossmann_NAD,Extreme Sequence Divergence
PKT_P53959_448538,P53959,PKT_P38063_121985,P38063,0.9781,0.168,Kinase_ATP,Kinase_ATP,Extreme Sequence Divergence
PKT_Q9H4E7_255250,Q9H4E7,PKT_Q9H7D7_295044,Q9H7D7,0.9781,0.1732,Rossmann_NAD,Rossmann_NAD,Extreme Sequence Divergence
PKT_Q9Y4B4_75389,Q9Y4B4,PKT_Q9HD20_380109,Q9HD20,0.9781,0.1938,Rossmann_NAD,Rossmann_NAD,Extreme Sequence Divergence
PKT_Q9Y4X5_91545,Q9Y4X5,PKT_P57775_264545,P57775,0.9781,0.1741,Zinc_Metallo,Zinc_Metallo,Extreme Sequence Divergence
PKT_Q9Y6L7_165256,Q9Y6L7,PKT_P41816_92281,P41816,0.9781,0.1874,Protease_Triad,Protease_Triad,Extreme Sequence Divergence
PKT_Q05048_40737,Q05048,PKT_P39968_42315,P39968,0.9781,0.1277,Protease_Triad,Protease_Triad,Extreme Sequence Divergence
PKT_Q9H4B8_301183,Q9H4B8,PKT_P08525_58832,P08525,0.9781,0.1406,Kinase_ATP,Kinase_ATP,Extreme Sequence Divergence
PKT_Q9Y6S9_50897,Q9Y6S9,PKT_P08566_213434,P08566,0.9781,0.1547,Rossmann_NAD,Rossmann_NAD,Extreme Sequence Divergence
PKT_P07267_46474,P07267,PKT_O75153_101315,O75153,0.978,0.1436,Kinase_ATP,Kinase_ATP,Extreme Sequence Divergence
PKT_P32610_323624,P32610,PKT_Q76M96_21736,Q76M96,0.978,0.1502,Protease_Triad,Protease_Triad,Extreme Sequence Divergence
PKT_P40345_126901,P40345,PKT_Q3ZCN5_306292,Q3ZCN5,0.978,0.19,Zinc_Metallo,Zinc_Metallo,Extreme Sequence Divergence
PKT_P04147_176297,P04147,PKT_Q05016_123299,Q05016,0.978,0.1412,Rossmann_NAD,Rossmann_NAD,Extreme Sequence Divergence
PKT_P32790_25801,P32790,PKT_P14724_98068,P14724,0.978,0.1697,Zinc_Metallo,Zinc_Metallo,Extreme Sequence Divergence
PKT_Q99278_216740,Q99278,PKT_P53163_174645,P53163,0.978,0.1753,Zinc_Metallo,Zinc_Metallo,Extreme Sequence Divergence
PKT_P32340_122706,P32340,PKT_P53734_202921,P53734,0.978,0.1573,Rossmann_NAD,Rossmann_NAD,Extreme Sequence Divergence
PKT_P35206_211270,P35206,PKT_P47083_44321,P47083,0.978,0.1646,Kinase_ATP,Kinase_ATP,Extreme Sequence Divergence
PKT_P47083_45975,P47083,PKT_P53146_269858,P53146,0.978,0.1393,Kinase_ATP,Kinase_ATP,Extreme Sequence Divergence
PKT_P47822_55716,P47822,PKT_P07260_43757,P07260,0.978,0.1216,Protease_Triad,Protease_Triad,Extreme Sequence Divergence
PKT_Q03048_173862,Q03048,PKT_Q9UKD1_331011,Q9UKD1,0.978,0.1344,Rossmann_NAD,Rossmann_NAD,Extreme Sequence Divergence
PKT_Q03790_201193,Q03790,PKT_P14680_357373,P14680,0.978,0.1379,Protease_Triad,Protease_Triad,Extreme Sequence Divergence
PKT_P16892_114993,P16892,PKT_Q8IZS5_60943,Q8IZS5,0.978,0.1574,Protease_Triad,Protease_Triad,Extreme Sequence Divergence
PKT_P19097_275859,P19097,PKT_Q76M96_21736,Q76M96,0.978,0.1295,Protease_Triad,Protease_Triad,Extreme Sequence Divergence
PKT_P33748_59762,P33748,PKT_Q8TBZ0_107675,Q8TBZ0,0.978,0.1381,Protease_Triad,Protease_Triad,Extreme Sequence Divergence
PKT_P38817_191405,P38817,PKT_P34218_201647,P34218,0.978,0.1264,Kinase_ATP,Kinase_ATP,Extreme Sequence Divergence
PKT_P47122_348509,P47122,PKT_Q9BXA6_47673,Q9BXA6,0.978,0.1405,Kinase_ATP,Kinase_ATP,Extreme Sequence Divergence
PKT_Q9BXA6_47673,Q9BXA6,PKT_P47122_348509,P47122,0.978,0.19,Kinase_ATP,Kinase_ATP,Extreme Sequence Divergence
