pocket_id,structure_id,fold_family,cross_protein_connectivity,archetype_role,mean_pocket_similarity
PKT_O14455_1447,O14455,Unique_Target,3370,Multi-Protein Oligomerization Interface,0.8925
PKT_P00358_1873,P00358,Unique_Target,3370,Multi-Protein Oligomerization Interface,0.8972
PKT_P00358_2258,P00358,Unique_Target,3370,Multi-Protein Oligomerization Interface,0.8937
PKT_P00360_4171,P00360,Unique_Target,3370,Multi-Protein Oligomerization Interface,0.8953
PKT_P00360_4554,P00360,Unique_Target,3370,Multi-Protein Oligomerization Interface,0.8937
PKT_P00401_5320,P00401,Unique_Target,3370,Multi-Protein Oligomerization Interface,0.8958
PKT_P00431_8394,P00431,Unique_Target,3370,Multi-Protein Oligomerization Interface,0.8963
PKT_P00549_8738,P00549,Unique_Target,3370,Multi-Protein Oligomerization Interface,0.8888
PKT_P00927_12566,P00927,Unique_Target,3370,Multi-Protein Oligomerization Interface,0.8948
PKT_P00937_14728,P00937,Unique_Target,3370,Multi-Protein Oligomerization Interface,0.8911
PKT_P00958_15206,P00958,Unique_Target,3370,Multi-Protein Oligomerization Interface,0.897
PKT_P00958_16058,P00958,Unique_Target,3370,Multi-Protein Oligomerization Interface,0.8923
PKT_P01120_17764,P01120,Unique_Target,3370,Multi-Protein Oligomerization Interface,0.8954
PKT_P01120_18014,P01120,Unique_Target,3370,Multi-Protein Oligomerization Interface,0.8995
PKT_P03965_24552,P03965,Unique_Target,3370,Multi-Protein Oligomerization Interface,0.8891
PKT_P04817_26639,P04817,Unique_Target,3370,Multi-Protein Oligomerization Interface,0.8957
PKT_P04817_27153,P04817,Unique_Target,3370,Multi-Protein Oligomerization Interface,0.9052
PKT_P05150_27667,P05150,Unique_Target,3370,Multi-Protein Oligomerization Interface,0.9035
PKT_P05375_29720,P05375,Unique_Target,3370,Multi-Protein Oligomerization Interface,0.8969
PKT_P05375_30033,P05375,Unique_Target,3370,Multi-Protein Oligomerization Interface,0.8901
PKT_P05740_31556,P05740,Unique_Target,3370,Multi-Protein Oligomerization Interface,0.892
PKT_P06245_37257,P06245,Unique_Target,3370,Multi-Protein Oligomerization Interface,0.8923
PKT_P06245_37645,P06245,Unique_Target,3370,Multi-Protein Oligomerization Interface,0.9011
PKT_P06780_38521,P06780,Unique_Target,3370,Multi-Protein Oligomerization Interface,0.8924
PKT_P06782_38764,P06782,Unique_Target,3370,Multi-Protein Oligomerization Interface,0.8926
PKT_P06843_40293,P06843,Unique_Target,3370,Multi-Protein Oligomerization Interface,0.9001
PKT_P06843_40981,P06843,Unique_Target,3370,Multi-Protein Oligomerization Interface,0.8874
PKT_P07260_43439,P07260,Unique_Target,3370,Multi-Protein Oligomerization Interface,0.892
PKT_P07277_47753,P07277,Unique_Target,3370,Multi-Protein Oligomerization Interface,0.8962
PKT_P07280_49215,P07280,Unique_Target,3370,Multi-Protein Oligomerization Interface,0.889
PKT_P07866_52149,P07866,Unique_Target,3370,Multi-Protein Oligomerization Interface,0.893
PKT_P08018_54301,P08018,Unique_Target,3370,Multi-Protein Oligomerization Interface,0.8892
PKT_P08425_56120,P08425,Unique_Target,3370,Multi-Protein Oligomerization Interface,0.8959
PKT_P08456_56937,P08456,Unique_Target,3370,Multi-Protein Oligomerization Interface,0.9041
PKT_P08524_57466,P08524,Unique_Target,3370,Multi-Protein Oligomerization Interface,0.8913
PKT_P08679_59479,P08679,Unique_Target,3370,Multi-Protein Oligomerization Interface,0.894
PKT_P0C0T4_73173,P0C0T4,Unique_Target,3370,Multi-Protein Oligomerization Interface,0.8956
PKT_P0C0T4_73359,P0C0T4,Unique_Target,3370,Multi-Protein Oligomerization Interface,0.8892
PKT_P0C0W9_74305,P0C0W9,Unique_Target,3370,Multi-Protein Oligomerization Interface,0.8905
PKT_P0CX31_80943,P0CX31,Unique_Target,3370,Multi-Protein Oligomerization Interface,0.8946
PKT_P0CX32_81199,P0CX32,Unique_Target,3370,Multi-Protein Oligomerization Interface,0.8922
PKT_P0CX32_81713,P0CX32,Unique_Target,3370,Multi-Protein Oligomerization Interface,0.8888
PKT_P0CX36_82323,P0CX36,Unique_Target,3370,Multi-Protein Oligomerization Interface,0.9005
PKT_P0CX44_83324,P0CX44,Unique_Target,3370,Multi-Protein Oligomerization Interface,0.898
PKT_P0CX50_85338,P0CX50,Unique_Target,3370,Multi-Protein Oligomerization Interface,0.896
PKT_P0CX77_86451,P0CX77,Unique_Target,3370,Multi-Protein Oligomerization Interface,0.8969
PKT_P0CY06_87767,P0CY06,Unique_Target,3370,Multi-Protein Oligomerization Interface,0.8897
PKT_P0CZ17_88438,P0CZ17,Unique_Target,3370,Multi-Protein Oligomerization Interface,0.8951
PKT_P11938_98483,P11938,Unique_Target,3370,Multi-Protein Oligomerization Interface,0.8893
PKT_P12709_100635,P12709,Unique_Target,3370,Multi-Protein Oligomerization Interface,0.8987
PKT_P12709_101839,P12709,Unique_Target,3370,Multi-Protein Oligomerization Interface,0.8941
PKT_P14737_108943,P14737,Unique_Target,3370,Multi-Protein Oligomerization Interface,0.8914
PKT_P14737_109453,P14737,Unique_Target,3370,Multi-Protein Oligomerization Interface,0.8886
PKT_P14741_110473,P14741,Unique_Target,3370,Multi-Protein Oligomerization Interface,0.884
PKT_P14741_110839,P14741,Unique_Target,3370,Multi-Protein Oligomerization Interface,0.8888
PKT_P14906_114665,P14906,Unique_Target,3370,Multi-Protein Oligomerization Interface,0.9021
PKT_P15442_117877,P15442,Unique_Target,3370,Multi-Protein Oligomerization Interface,0.8893
PKT_P15625_121840,P15625,Unique_Target,3370,Multi-Protein Oligomerization Interface,0.8933
PKT_P16622_128389,P16622,Unique_Target,3370,Multi-Protein Oligomerization Interface,0.8805
PKT_P16661_128792,P16661,Unique_Target,3370,Multi-Protein Oligomerization Interface,0.8951
PKT_P16661_129924,P16661,Unique_Target,3370,Multi-Protein Oligomerization Interface,0.8912
PKT_P17695_134147,P17695,Unique_Target,3370,Multi-Protein Oligomerization Interface,0.8982
PKT_P17709_134845,P17709,Unique_Target,3370,Multi-Protein Oligomerization Interface,0.8943
PKT_P18888_136918,P18888,Unique_Target,3370,Multi-Protein Oligomerization Interface,0.8978
PKT_P19262_137724,P19262,Unique_Target,3370,Multi-Protein Oligomerization Interface,0.887
PKT_P20449_148171,P20449,Unique_Target,3370,Multi-Protein Oligomerization Interface,0.8896
PKT_P20676_150913,P20676,Unique_Target,3370,Multi-Protein Oligomerization Interface,0.8977
PKT_P20840_151629,P20840,Unique_Target,3370,Multi-Protein Oligomerization Interface,0.8958
PKT_P20967_152463,P20967,Unique_Target,3370,Multi-Protein Oligomerization Interface,0.8932
PKT_P21538_158145,P21538,Unique_Target,3370,Multi-Protein Oligomerization Interface,0.9015
PKT_P21651_159843,P21651,Unique_Target,3370,Multi-Protein Oligomerization Interface,0.895
PKT_P21651_160189,P21651,Unique_Target,3370,Multi-Protein Oligomerization Interface,0.9027
PKT_P22137_161884,P22137,Unique_Target,3370,Multi-Protein Oligomerization Interface,0.9011
PKT_P22204_170150,P22204,Unique_Target,3370,Multi-Protein Oligomerization Interface,0.9011
PKT_P22219_170666,P22219,Unique_Target,3370,Multi-Protein Oligomerization Interface,0.8975
PKT_P22219_172386,P22219,Unique_Target,3370,Multi-Protein Oligomerization Interface,0.8925
PKT_P22579_175827,P22579,Unique_Target,3370,Multi-Protein Oligomerization Interface,0.8887
PKT_P23301_182315,P23301,Unique_Target,3370,Multi-Protein Oligomerization Interface,0.9032
PKT_P23615_184543,P23615,Unique_Target,3370,Multi-Protein Oligomerization Interface,0.8975
PKT_P24868_192972,P24868,Unique_Target,3370,Multi-Protein Oligomerization Interface,0.9021
PKT_P25037_193339,P25037,Unique_Target,3370,Multi-Protein Oligomerization Interface,0.8951
PKT_P25037_194577,P25037,Unique_Target,3370,Multi-Protein Oligomerization Interface,0.8976
PKT_P25046_197085,P25046,Unique_Target,3370,Multi-Protein Oligomerization Interface,0.8969
PKT_P25046_197609,P25046,Unique_Target,3370,Multi-Protein Oligomerization Interface,0.8971
PKT_P25303_200261,P25303,Unique_Target,3370,Multi-Protein Oligomerization Interface,0.9036
PKT_P25303_201485,P25303,Unique_Target,3370,Multi-Protein Oligomerization Interface,0.8956
PKT_P25341_202510,P25341,Unique_Target,3370,Multi-Protein Oligomerization Interface,0.8974
PKT_P25374_204575,P25374,Unique_Target,3370,Multi-Protein Oligomerization Interface,0.8919
PKT_P25374_205391,P25374,Unique_Target,3370,Multi-Protein Oligomerization Interface,0.8927
PKT_P25453_212167,P25453,Unique_Target,3370,Multi-Protein Oligomerization Interface,0.8956
PKT_P25588_216689,P25588,Unique_Target,3370,Multi-Protein Oligomerization Interface,0.8944
PKT_P25847_221620,P25847,Unique_Target,3370,Multi-Protein Oligomerization Interface,0.8953
PKT_P25847_222578,P25847,Unique_Target,3370,Multi-Protein Oligomerization Interface,0.8967
PKT_P26570_224496,P26570,Unique_Target,3370,Multi-Protein Oligomerization Interface,0.9025
PKT_P26570_225276,P26570,Unique_Target,3370,Multi-Protein Oligomerization Interface,0.8989
PKT_P27472_225668,P27472,Unique_Target,3370,Multi-Protein Oligomerization Interface,0.8882
PKT_P27515_227966,P27515,Unique_Target,3370,Multi-Protein Oligomerization Interface,0.8989
PKT_P27515_228591,P27515,Unique_Target,3370,Multi-Protein Oligomerization Interface,0.8974
PKT_P27796_229843,P27796,Unique_Target,3370,Multi-Protein Oligomerization Interface,0.9007
PKT_P28240_232293,P28240,Unique_Target,3370,Multi-Protein Oligomerization Interface,0.8923
PKT_P28241_233781,P28241,Unique_Target,3370,Multi-Protein Oligomerization Interface,0.8961
PKT_P28241_234637,P28241,Unique_Target,3370,Multi-Protein Oligomerization Interface,0.8925
PKT_P28272_235431,P28272,Unique_Target,3370,Multi-Protein Oligomerization Interface,0.8843
PKT_P28707_238365,P28707,Unique_Target,3370,Multi-Protein Oligomerization Interface,0.8936
PKT_P28707_238827,P28707,Unique_Target,3370,Multi-Protein Oligomerization Interface,0.8969
PKT_P28737_239060,P28737,Unique_Target,3370,Multi-Protein Oligomerization Interface,0.8918
PKT_P28737_240006,P28737,Unique_Target,3370,Multi-Protein Oligomerization Interface,0.8959
PKT_P28777_241406,P28777,Unique_Target,3370,Multi-Protein Oligomerization Interface,0.8981
PKT_P28795_241871,P28795,Unique_Target,3370,Multi-Protein Oligomerization Interface,0.8884
PKT_P29311_245293,P29311,Unique_Target,3370,Multi-Protein Oligomerization Interface,0.894
PKT_P30605_250124,P30605,Unique_Target,3370,Multi-Protein Oligomerization Interface,0.9002
PKT_P30952_256559,P30952,Unique_Target,3370,Multi-Protein Oligomerization Interface,0.9028
PKT_P30952_257117,P30952,Unique_Target,3370,Multi-Protein Oligomerization Interface,0.8908
PKT_P32329_270660,P32329,Unique_Target,3370,Multi-Protein Oligomerization Interface,0.8982
PKT_P32329_271088,P32329,Unique_Target,3370,Multi-Protein Oligomerization Interface,0.8917
PKT_P32336_272848,P32336,Unique_Target,3370,Multi-Protein Oligomerization Interface,0.8982
PKT_P32347_276459,P32347,Unique_Target,3370,Multi-Protein Oligomerization Interface,0.8953
PKT_P32363_277667,P32363,Unique_Target,3370,Multi-Protein Oligomerization Interface,0.8911
PKT_P32364_279061,P32364,Unique_Target,3370,Multi-Protein Oligomerization Interface,0.8973
PKT_P32364_279775,P32364,Unique_Target,3370,Multi-Protein Oligomerization Interface,0.902
PKT_P32364_280489,P32364,Unique_Target,3370,Multi-Protein Oligomerization Interface,0.898
PKT_P32367_282133,P32367,Unique_Target,3370,Multi-Protein Oligomerization Interface,0.888
PKT_P32368_285541,P32368,Unique_Target,3370,Multi-Protein Oligomerization Interface,0.8896
PKT_P32381_286315,P32381,Unique_Target,3370,Multi-Protein Oligomerization Interface,0.8932
PKT_P32386_289797,P32386,Unique_Target,3370,Multi-Protein Oligomerization Interface,0.8874
PKT_P32465_298306,P32465,Unique_Target,3370,Multi-Protein Oligomerization Interface,0.8964
PKT_P32465_298840,P32465,Unique_Target,3370,Multi-Protein Oligomerization Interface,0.8912
PKT_P32478_299758,P32478,Unique_Target,3370,Multi-Protein Oligomerization Interface,0.8911
PKT_P32490_301831,P32490,Unique_Target,3370,Multi-Protein Oligomerization Interface,0.8987
PKT_P32490_302209,P32490,Unique_Target,3370,Multi-Protein Oligomerization Interface,0.8961
PKT_P32492_302967,P32492,Unique_Target,3370,Multi-Protein Oligomerization Interface,0.8902
PKT_P32492_304750,P32492,Unique_Target,3370,Multi-Protein Oligomerization Interface,0.9027
PKT_P32492_306533,P32492,Unique_Target,3370,Multi-Protein Oligomerization Interface,0.892
PKT_P32521_309911,P32521,Unique_Target,3370,Multi-Protein Oligomerization Interface,0.8918
PKT_P32561_311131,P32561,Unique_Target,3370,Multi-Protein Oligomerization Interface,0.8916
PKT_P32561_311553,P32561,Unique_Target,3370,Multi-Protein Oligomerization Interface,0.8949
PKT_P32569_313216,P32569,Unique_Target,3370,Multi-Protein Oligomerization Interface,0.8945
PKT_P32589_315237,P32589,Unique_Target,3370,Multi-Protein Oligomerization Interface,0.9001
PKT_P32597_321441,P32597,Unique_Target,3370,Multi-Protein Oligomerization Interface,0.8959
PKT_P32610_324065,P32610,Unique_Target,3370,Multi-Protein Oligomerization Interface,0.9001
PKT_P32767_331989,P32767,Unique_Target,3370,Multi-Protein Oligomerization Interface,0.8924
PKT_P32773_337493,P32773,Unique_Target,3370,Multi-Protein Oligomerization Interface,0.9064
PKT_P32776_338271,P32776,Unique_Target,3370,Multi-Protein Oligomerization Interface,0.894
PKT_P32794_344067,P32794,Unique_Target,3370,Multi-Protein Oligomerization Interface,0.8976
PKT_P32801_349437,P32801,Unique_Target,3370,Multi-Protein Oligomerization Interface,0.8886
PKT_P32801_350333,P32801,Unique_Target,3370,Multi-Protein Oligomerization Interface,0.8936
PKT_P32842_351547,P32842,Unique_Target,3370,Multi-Protein Oligomerization Interface,0.8981
PKT_P32854_354842,P32854,Unique_Target,3370,Multi-Protein Oligomerization Interface,0.8979
PKT_P32860_356552,P32860,Unique_Target,3370,Multi-Protein Oligomerization Interface,0.8995
PKT_P32898_357796,P32898,Unique_Target,3370,Multi-Protein Oligomerization Interface,0.9032
